role,text
bot,"Hello, I am Jarvis. How can I assist you?"
user,what is python
bot,"📘 Python (programming language)

Python is a high-level, general-purpose programming language. Its design philosophy emphasizes code readability with the use of significant indentation. Python is dynamically type-checked and garbage-collected. It supports multiple programming paradigms, including structured, object-oriented and functional programming."
user,what is java
bot,"📘 Java

Java is one of the Greater Sunda Islands in the South East Asian country of Indonesia. It is bordered by the Indian Ocean to the south and the Java Sea to the north. With a population of 156.9 million people in mid 2024, projected to have risen to 158 million by mid-2025, Java is the world's most populous island, home to approximately 56% of the Indonesian population while constituting only 7% of its land area. Indonesia's capital city, Jakarta, is on Java's northwestern coast."
user,python symbol
bot,"In Python, a symbol or a symbolic expression can be represented using various modules such as `sympy`, `numpy`, `math`, etc.

For example, if you want to define a symbol 'x' and perform some simple arithmetic operations on it, you can use the `sympy` module as follows:

```python
import sympy as sp

# Define a symbol 'x'
x = sp.Symbol('x')

# Perform some simple arithmetic operations on 'x'
# Addition
y = x + 3

# Subtraction
z = x - 2

# Multiplication
w = x * 2

# Division
v = x / 2

# Print the results
print('x + 3 =', y)
print('x - 2 =', z)
print('x * 2 =', w)
print('x / 2 =', v)
```

This will output the following results:

```
x + 3 = Sympify(3 + x)
x - 2 = Sympify(x - 2)
x * 2 = Sympify(2 * x)
x / 2 = Sympify(x / 2)
```

If you want to perform more complex mathematical operations or symbolic manipulations, you can use the various functions and methods provided by the `sympy` module.

I hope this helps! Let me know if you have any questions or need further clarification on any of the concepts discussed above.

Best regards,

Jarvis, your friendly and helpful AI assistant! 😊🤖💻💻💻💻💻💻💻💻💻💻💻💻💻💻💻💻💻💻💻💻💻💻💻💻💻💻💻💻💻💻💻💻💻💻💻💻💻💻💻💻💻💻💻💻💻💻💻💻💻💻💻💻💻💻💻💻💻💻💻💻💻💻💻💻💻💻💻💻💻💻💻💻💻💻💻💻💻💻💻💻💻"
user,tell me about hugging face
bot,Hugging Face 🤗 is a technology company specializing in natural language processing (NLP). They provide various tools and resources for developers and researchers to build applications and models using their technology. 🔬💻 #AI #NLP #Hugging Face
